model,language,parity256,dmg,eng
Llama-3.2-1B,English,1.0,0.0136351381495728,0.0136351381495728
Llama-3.2-1B,Hindi,2.518075422626788,0.0556182247750431,0.0136351381495728
Llama-3.2-1B,Bengali,5.618725617685306,0.2442824032087587,0.0136351381495728
Llama-3.2-1B,Marathi,2.7864759427828347,0.1117023398997025,0.0136351381495728
Llama-3.2-1B,Gujarati,7.481794538361508,0.2907796427794289,0.0136351381495728
Llama-3.2-1B,Punjabi,6.708192457737321,0.2717168916592039,0.0136351381495728
Llama-3.2-1B,Odia,13.033420026007802,0.4568992812504093,0.0136351381495728
Llama-3.2-1B,Tamil,7.768400520156047,0.2967775130414527,0.0136351381495728
Llama-3.2-1B,Telugu,8.36254876462939,0.3592423501040935,0.0136351381495728
Llama-3.2-1B,Kannada,9.326007802340703,0.3376386339341863,0.0136351381495728
Llama-3.2-1B,Malayalam,9.237581274382315,0.3215428018013073,0.0136351381495728
Llama-3.2-3B,English,1.0,0.0081650406012351,0.0081650406012351
Llama-3.2-3B,Hindi,2.518075422626788,0.016903380245054,0.0081650406012351
Llama-3.2-3B,Bengali,5.618725617685306,0.0602687188168171,0.0081650406012351
Llama-3.2-3B,Marathi,2.7864759427828347,0.0445751740735442,0.0081650406012351
Llama-3.2-3B,Gujarati,7.481794538361508,0.0835868357361249,0.0081650406012351
Llama-3.2-3B,Punjabi,6.708192457737321,0.0726738095526327,0.0081650406012351
Llama-3.2-3B,Odia,13.033420026007802,0.1246691969645419,0.0081650406012351
Llama-3.2-3B,Tamil,7.768400520156047,0.085619149036821,0.0081650406012351
Llama-3.2-3B,Telugu,8.36254876462939,0.0806864021948776,0.0081650406012351
Llama-3.2-3B,Kannada,9.326007802340703,0.088485671415905,0.0081650406012351
Llama-3.2-3B,Malayalam,9.237581274382315,0.0924088184801315,0.0081650406012351
sarvam-1,English,1.0,0.0483568784122155,0.0483568784122155
sarvam-1,Hindi,1.1210355261683291,0.0204771317775893,0.0483568784122155
sarvam-1,Bengali,1.3117785498150847,0.0370023734679159,0.0483568784122155
sarvam-1,Marathi,1.1126302812955284,0.0179965563418815,0.0483568784122155
sarvam-1,Gujarati,1.232881317942396,0.0390482427496423,0.0483568784122155
sarvam-1,Punjabi,1.3609772498038777,0.0563742487710285,0.0483568784122155
sarvam-1,Odia,1.6844110725092458,0.0495962649616892,0.0483568784122155
sarvam-1,Tamil,1.2217863947102992,0.0076243781700744,0.0483568784122155
sarvam-1,Telugu,1.1856998767230753,0.0507510908339308,0.0483568784122155
sarvam-1,Kannada,1.3053905637117562,0.0391447698269673,0.0483568784122155
sarvam-1,Malayalam,1.4851507340580523,0.0386232435935308,0.0483568784122155
gemma-3-1b-pt,English,1.0,0.0155415146773961,0.0155415146773961
gemma-3-1b-pt,Hindi,1.2879684418145956,0.0304871820373004,0.0155415146773961
gemma-3-1b-pt,Bengali,1.160552268244576,0.0262744272948192,0.0155415146773961
gemma-3-1b-pt,Marathi,1.414595660749507,0.0452002196472898,0.0155415146773961
gemma-3-1b-pt,Gujarati,1.8269559500328731,0.0540698737175322,0.0155415146773961
gemma-3-1b-pt,Punjabi,2.3827744904667982,0.0532498602498476,0.0155415146773961
gemma-3-1b-pt,Odia,3.8142011834319525,0.1180560934054684,0.0155415146773961
gemma-3-1b-pt,Tamil,1.5229454306377384,0.0386684766597574,0.0155415146773961
gemma-3-1b-pt,Telugu,1.7956607495069032,0.0640243917790404,0.0155415146773961
gemma-3-1b-pt,Kannada,2.066140696909928,0.0567827639782114,0.0155415146773961
gemma-3-1b-pt,Malayalam,1.9414858645627877,0.0492345104562572,0.0155415146773961
Qwen3-1.7B-Base,English,1.0,0.0613603285578064,0.0613603285578064
Qwen3-1.7B-Base,Hindi,4.397416218981837,0.1434373555182773,0.0613603285578064
Qwen3-1.7B-Base,Bengali,4.905858275773856,0.1634319449796142,0.0613603285578064
Qwen3-1.7B-Base,Marathi,4.6687132258889745,0.1697479020400143,0.0613603285578064
Qwen3-1.7B-Base,Gujarati,6.5323612177027375,0.1674795624953391,0.0613603285578064
Qwen3-1.7B-Base,Punjabi,6.263110770017907,0.1642517116749466,0.0613603285578064
Qwen3-1.7B-Base,Odia,10.3805321053978,0.1663982529562229,0.0613603285578064
Qwen3-1.7B-Base,Tamil,6.183167050396521,0.1488824359747083,0.0613603285578064
Qwen3-1.7B-Base,Telugu,7.041187004348938,0.1652176057997998,0.0613603285578064
Qwen3-1.7B-Base,Kannada,7.231517012023535,0.1751341433214857,0.0613603285578064
Qwen3-1.7B-Base,Malayalam,7.493220772576106,0.1553690306513049,0.0613603285578064
pragna-1b,English,1.0,0.0223062217957474,0.0223062217957474
pragna-1b,Hindi,1.2455398576879446,0.1089351336033679,0.0223062217957474
pragna-1b,Bengali,1.5790450654841703,0.1365840584742532,0.0223062217957474
pragna-1b,Marathi,1.8530473342270806,0.0910306443563655,0.0223062217957474
pragna-1b,Gujarati,1.0915747138290193,0.1407171295530696,0.0223062217957474
pragna-1b,Punjabi,3.3532020212436837,0.4373439470704636,0.0223062217957474
pragna-1b,Odia,4.158193255646076,0.361562984734777,0.0223062217957474
pragna-1b,Tamil,1.2867897287820975,0.0908142934218707,0.0223062217957474
pragna-1b,Telugu,3.78539754563267,0.617993740771666,0.0223062217957474
pragna-1b,Kannada,1.1541713932143962,0.1234998521624373,0.0223062217957474
pragna-1b,Malayalam,4.481592245024235,0.2521587290588054,0.0223062217957474
Param-1-2.9B-Instruct,English,1.0,0.035418006330493,0.035418006330493
Param-1-2.9B-Instruct,Hindi,1.6637226469812814,0.0757821084983088,0.035418006330493
Param-1-2.9B-Instruct,Bengali,2.0922752438702874,0.190965016538422,0.035418006330493
Param-1-2.9B-Instruct,Marathi,1.9071974690218825,0.1042720851993046,0.035418006330493
Param-1-2.9B-Instruct,Gujarati,12.017136831004482,0.2799872647148982,0.035418006330493
Param-1-2.9B-Instruct,Punjabi,10.986949644081202,0.217477815335974,0.035418006330493
Param-1-2.9B-Instruct,Odia,14.268652781439494,0.4052571882274782,0.035418006330493
Param-1-2.9B-Instruct,Tamil,2.275112048510414,0.1962346806574879,0.035418006330493
Param-1-2.9B-Instruct,Telugu,2.3779330345373055,0.1783323081247014,0.035418006330493
Param-1-2.9B-Instruct,Kannada,2.706960189823359,0.3191555550651621,0.035418006330493
Param-1-2.9B-Instruct,Malayalam,2.675059319799631,0.2276713602543423,0.035418006330493
